{
    "loss": 3.720407247543335,
    "mae": 3.720407247543335
}